Guy's Hospital,51.503213,-0.087041,St Thomas' Hospital,51.4991539,-0.1188859,19.76,07/2024
St Thomas' Hospital,51.4991539,-0.1188859,Guy's Hospital,51.503213,-0.087041,19.76,07/2024
King George Hospital,51.580275,0.111524,Queen's Hospital,51.568814,0.1807237,19.76,10/2026
The Whittington Hospital,51.5669332,-0.138456,St. Ann's Hospital,51.581411,-0.089811,19.76,10/2026
Royal Brompton Hospital,51.4891103,-0.1701254,Synlab Hub,51.50513,-0.10488,4.89,01/2025
Harefield hospital,51.6067699,-0.4827024,Synlab Hub,51.50513,-0.10488,2.35,01/2025
Queen Marys Hospital,51.419128,0.104184,Eltham Community Hospital,51.449484,0.053866,19.76,01/2027
St Thomas' Hospital,51.4991539,-0.1188859,Royal Brompton Hospital,51.4891103,-0.1701254,0.00,01/2025
St Thomas' Hospital,51.4991539,-0.1188859,Harefield hospital,51.6067699,-0.4827024,3.66,1/2025
Queen Elizabeth Hospital,51.477814,0.050559,University Hospital Lewisham,51.453872,-0.017301,18.61,07/2026
Princess Royal University Hospital,51.3661498,0.0581939,Synlab Hub,51.50513,-0.10488,7.34,01/2025
Orpington Hospital,51.3624153,0.0950913,Synlab Hub,51.50513,-0.10488,14.54,01/2025
King's College Hospital (Denmark Hill),51.4679138,-0.0937394,Princess Royal University Hospital,51.3661498,0.0581939,6.71,01/2025
King's College Hospital (Denmark Hill),51.4679138,-0.0937394,Orpington Hospital,51.3624153,0.0950913,13.29,01/2025
King's College Hospital (Denmark Hill),51.4679138,-0.0937394,Guy's Hospital,51.503213,-0.087041,10,01/2025
Guy's Hospital51.503213,-0.087041,King's College Hospital (Denmark Hill),51.4679138,-0.0937394,10,01/2025
St Thomas' Hospital,51.4991539,-0.1188859,St George's Hospital (Tooting),51.426563,-0.175228,10.00,01/2025
St George's Hospital (Tooting),51.426563,-0.175228,St Thomas' Hospital,51.4991539,-0.1188859,10.00,04/2025
Guy's Hospital,51.503213,-0.087041,St George's Hospital (Tooting),51.426563,-0.175228,10.00,01/2025
St George's Hospital (Tooting),51.426563,-0.175228,Guy's Hospital,51.503213,-0.087041,10.00,04/2025
King's College Hospital (Denmark Hill),51.4679138,-0.0937394,St Thomas' Hospital,51.4991539,-0.1188859,10.00,01/2025
St Thomas' Hospital,51.4991539,-0.1188859,King's College Hospital (Denmark Hill),51.4679138,-0.0937394,10.00,01/2025
St George's Hospital (Tooting),51.426563,-0.175228,Synlab Hub,51.50513,-0.10488,18.17,04/2025
Queen Mary's Hospital Roehampton,51.455656,-0.242661,Synlab Hub,51.50513,-0.10488,1.94,04/2025
St George's Hospital (Tooting),51.426563,-0.175228,Queen Mary's Hospital Roehampton,51.455656,-0.242661,19.76,04/2025
Cromwell Hospital (London Kensington),51.495106,-0.191228,Synlab Hub,51.50513,-0.10488,40.51,07/2025
The Royal London Hospital,51.51482,-0.065053,Synlab Hub,51.50513,-0.10488,10.16,07/2025
Mile End Hospital,51.525073,-0.042145,Synlab Hub,51.50513,-0.10488,1.59,07/2025
Newham General Hospital,51.5222415,0.0325405,Synlab Hub,51.50513,-0.10488,4.75,07/2025
St Bartholomew's Hospital,51.517496,-0.100046,Synlab Hub,51.50513,-0.10488,5.41,07/2025
Whipps Cross University Hospital,51.57782,0.003255,Synlab Hub,51.50513,-0.10488,8.19,07/2025